PassengerId,Survived,Pclass,Name,Sex,Age,SibSp,Parch,Fare,Embarked,Age_band
1,0,3,"Braund, Mr. Owen Harris",male,22.0,1,0,7.25,S,21-30
2,1,1,"Cumings, Mrs. John Bradley (Florence Briggs Thayer)",female,38.0,1,0,71.2833,C,31-40
3,1,3,"Heikkinen, Miss. Laina",female,26.0,0,0,7.925,S,21-30
4,1,1,"Futrelle, Mrs. Jacques Heath (Lily May Peel)",female,35.0,1,0,53.1,S,31-40
5,0,3,"Allen, Mr. William Henry",male,35.0,0,0,8.05,S,31-40
7,0,1,"McCarthy, Mr. Timothy J",male,54.0,0,0,51.8625,S,51-60
8,0,3,"Palsson, Master. Gosta Leonard",male,2.0,3,1,21.075,S,0-10
9,1,3,"Johnson, Mrs. Oscar W (Elisabeth Vilhelmina Berg)",female,27.0,0,2,11.1333,S,21-30
10,1,2,"Nasser, Mrs. Nicholas (Adele Achem)",female,14.0,1,0,30.0708,C,11-20
11,1,3,"Sandstrom, Miss. Marguerite Rut",female,4.0,1,1,16.7,S,0-10
12,1,1,"Bonnell, Miss. Elizabeth",female,58.0,0,0,26.55,S,51-60
13,0,3,"Saundercock, Mr. William Henry",male,20.0,0,0,8.05,S,11-20
14,0,3,"Andersson, Mr. Anders Johan",male,39.0,1,5,31.275,S,31-40
15,0,3,"Vestrom, Miss. Hulda Amanda Adolfina",female,14.0,0,0,7.8542,S,11-20
16,1,2,"Hewlett, Mrs. (Mary D Kingcome) ",female,55.0,0,0,16.0,S,51-60
17,0,3,"Rice, Master. Eugene",male,2.0,4,1,29.125,Q,0-10
19,0,3,"Vander Planke, Mrs. Julius (Emelia Maria Vandemoortele)",female,31.0,1,0,18.0,S,31-40
21,0,2,"Fynney, Mr. Joseph J",male,35.0,0,0,26.0,S,31-40
22,1,2,"Beesley, Mr. Lawrence",male,34.0,0,0,13.0,S,31-40
23,1,3,"McGowan, Miss. Anna ""Annie""",female,15.0,0,0,8.0292,Q,11-20
24,1,1,"Sloper, Mr. William Thompson",male,28.0,0,0,35.5,S,21-30
25,0,3,"Palsson, Miss. Torborg Danira",female,8.0,3,1,21.075,S,0-10
26,1,3,"Asplund, Mrs. Carl Oscar (Selma Augusta Emilia Johansson)",female,38.0,1,5,31.3875,S,31-40
28,0,1,"Fortune, Mr. Charles Alexander",male,19.0,3,2,263.0,S,11-20
31,0,1,"Uruchurtu, Don. Manuel E",male,40.0,0,0,27.7208,C,31-40
34,0,2,"Wheadon, Mr. Edward H",male,66.0,0,0,10.5,S,61+
35,0,1,"Meyer, Mr. Edgar Joseph",male,28.0,1,0,82.1708,C,21-30
36,0,1,"Holverson, Mr. Alexander Oskar",male,42.0,1,0,52.0,S,41-50
38,0,3,"Cann, Mr. Ernest Charles",male,21.0,0,0,8.05,S,21-30
39,0,3,"Vander Planke, Miss. Augusta Maria",female,18.0,2,0,18.0,S,11-20
40,1,3,"Nicola-Yarred, Miss. Jamila",female,14.0,1,0,11.2417,C,11-20
41,0,3,"Ahlin, Mrs. Johan (Johanna Persdotter Larsson)",female,40.0,1,0,9.475,S,31-40
42,0,2,"Turpin, Mrs. William John Robert (Dorothy Ann Wonnacott)",female,27.0,1,0,21.0,S,21-30
44,1,2,"Laroche, Miss. Simonne Marie Anne Andree",female,3.0,1,2,41.5792,C,0-10
45,1,3,"Devaney, Miss. Margaret Delia",female,19.0,0,0,7.8792,Q,11-20
50,0,3,"Arnold-Franchi, Mrs. Josef (Josefine Franchi)",female,18.0,1,0,17.8,S,11-20
51,0,3,"Panula, Master. Juha Niilo",male,7.0,4,1,39.6875,S,0-10
52,0,3,"Nosworthy, Mr. Richard Cater",male,21.0,0,0,7.8,S,21-30
53,1,1,"Harper, Mrs. Henry Sleeper (Myna Haxtun)",female,49.0,1,0,76.7292,C,41-50
54,1,2,"Faunthorpe, Mrs. Lizzie (Elizabeth Anne Wilkinson)",female,29.0,1,0,26.0,S,21-30
55,0,1,"Ostby, Mr. Engelhart Cornelius",male,65.0,0,1,61.9792,C,61+
57,1,2,"Rugg, Miss. Emily",female,21.0,0,0,10.5,S,21-30
58,0,3,"Novel, Mr. Mansouer",male,28.5,0,0,7.2292,C,21-30
59,1,2,"West, Miss. Constance Mirium",female,5.0,1,2,27.75,S,0-10
60,0,3,"Goodwin, Master. William Frederick",male,11.0,5,2,46.9,S,11-20
61,0,3,"Sirayanian, Mr. Orsen",male,22.0,0,0,7.2292,C,21-30
63,0,1,"Harris, Mr. Henry Birkhardt",male,45.0,1,0,83.475,S,41-50
64,0,3,"Skoog, Master. Harald",male,4.0,3,2,27.9,S,0-10
67,1,2,"Nye, Mrs. (Elizabeth Ramell)",female,29.0,0,0,10.5,S,21-30
68,0,3,"Crease, Mr. Ernest James",male,19.0,0,0,8.1583,S,11-20
69,1,3,"Andersson, Miss. Erna Alexandra",female,17.0,4,2,7.925,S,11-20
70,0,3,"Kink, Mr. Vincenz",male,26.0,2,0,8.6625,S,21-30
71,0,2,"Jenkin, Mr. Stephen Curnow",male,32.0,0,0,10.5,S,31-40
72,0,3,"Goodwin, Miss. Lillian Amy",female,16.0,5,2,46.9,S,11-20
73,0,2,"Hood, Mr. Ambrose Jr",male,21.0,0,0,73.5,S,21-30
74,0,3,"Chronopoulos, Mr. Apostolos",male,26.0,1,0,14.4542,C,21-30
75,1,3,"Bing, Mr. Lee",male,32.0,0,0,56.4958,S,31-40
76,0,3,"Moen, Mr. Sigurd Hansen",male,25.0,0,0,7.65,S,21-30
79,1,2,"Caldwell, Master. Alden Gates",male,0.83,0,2,29.0,S,0-10
80,1,3,"Dowdell, Miss. Elizabeth",female,30.0,0,0,12.475,S,21-30
81,0,3,"Waelens, Mr. Achille",male,22.0,0,0,9.0,S,21-30
82,1,3,"Sheerlinck, Mr. Jan Baptist",male,29.0,0,0,9.5,S,21-30
84,0,1,"Carrau, Mr. Francisco M",male,28.0,0,0,47.1,S,21-30
85,1,2,"Ilett, Miss. Bertha",female,17.0,0,0,10.5,S,11-20
86,1,3,"Backstrom, Mrs. Karl Alfred (Maria Mathilda Gustafsson)",female,33.0,3,0,15.85,S,31-40
87,0,3,"Ford, Mr. William Neal",male,16.0,1,3,34.375,S,11-20
89,1,1,"Fortune, Miss. Mabel Helen",female,23.0,3,2,263.0,S,21-30
90,0,3,"Celotti, Mr. Francesco",male,24.0,0,0,8.05,S,21-30
91,0,3,"Christmann, Mr. Emil",male,29.0,0,0,8.05,S,21-30
92,0,3,"Andreasson, Mr. Paul Edvin",male,20.0,0,0,7.8542,S,11-20
93,0,1,"Chaffee, Mr. Herbert Fuller",male,46.0,1,0,61.175,S,41-50
94,0,3,"Dean, Mr. Bertram Frank",male,26.0,1,2,20.575,S,21-30
95,0,3,"Coxon, Mr. Daniel",male,59.0,0,0,7.25,S,51-60
97,0,1,"Goldschmidt, Mr. George B",male,71.0,0,0,34.6542,C,61+
98,1,1,"Greenfield, Mr. William Bertram",male,23.0,0,1,63.3583,C,21-30
99,1,2,"Doling, Mrs. John T (Ada Julia Bone)",female,34.0,0,1,23.0,S,31-40
100,0,2,"Kantor, Mr. Sinai",male,34.0,1,0,26.0,S,31-40
101,0,3,"Petranec, Miss. Matilda",female,28.0,0,0,7.8958,S,21-30
103,0,1,"White, Mr. Richard Frasar",male,21.0,0,1,77.2875,S,21-30
104,0,3,"Johansson, Mr. Gustaf Joel",male,33.0,0,0,8.6542,S,31-40
105,0,3,"Gustafsson, Mr. Anders Vilhelm",male,37.0,2,0,7.925,S,31-40
106,0,3,"Mionoff, Mr. Stoytcho",male,28.0,0,0,7.8958,S,21-30
107,1,3,"Salkjelsvik, Miss. Anna Kristine",female,21.0,0,0,7.65,S,21-30
109,0,3,"Rekic, Mr. Tido",male,38.0,0,0,7.8958,S,31-40
111,0,1,"Porter, Mr. Walter Chamberlain",male,47.0,0,0,52.0,S,41-50
112,0,3,"Zabour, Miss. Hileni",female,14.5,1,0,14.4542,C,11-20
113,0,3,"Barton, Mr. David John",male,22.0,0,0,8.05,S,21-30
114,0,3,"Jussila, Miss. Katriina",female,20.0,1,0,9.825,S,11-20
115,0,3,"Attalah, Miss. Malake",female,17.0,0,0,14.4583,C,11-20
116,0,3,"Pekoniemi, Mr. Edvard",male,21.0,0,0,7.925,S,21-30
117,0,3,"Connors, Mr. Patrick",male,70.5,0,0,7.75,Q,61+
118,0,2,"Turpin, Mr. William John Robert",male,29.0,1,0,21.0,S,21-30
119,0,1,"Baxter, Mr. Quigg Edmond",male,24.0,0,1,247.5208,C,21-30
120,0,3,"Andersson, Miss. Ellis Anna Maria",female,2.0,4,2,31.275,S,0-10
121,0,2,"Hickman, Mr. Stanley George",male,21.0,2,0,73.5,S,21-30
123,0,2,"Nasser, Mr. Nicholas",male,32.5,1,0,30.0708,C,31-40
124,1,2,"Webber, Miss. Susan",female,32.5,0,0,13.0,S,31-40
125,0,1,"White, Mr. Percival Wayland",male,54.0,0,1,77.2875,S,51-60
126,1,3,"Nicola-Yarred, Master. Elias",male,12.0,1,0,11.2417,C,11-20
128,1,3,"Madsen, Mr. Fridtjof Arne",male,24.0,0,0,7.1417,S,21-30
130,0,3,"Ekstrom, Mr. Johan",male,45.0,0,0,6.975,S,41-50
131,0,3,"Drazenoic, Mr. Jozef",male,33.0,0,0,7.8958,C,31-40
132,0,3,"Coelho, Mr. Domingos Fernandeo",male,20.0,0,0,7.05,S,11-20
133,0,3,"Robins, Mrs. Alexander A (Grace Charity Laury)",female,47.0,1,0,14.5,S,41-50
134,1,2,"Weisz, Mrs. Leopold (Mathilde Francoise Pede)",female,29.0,1,0,26.0,S,21-30
135,0,2,"Sobey, Mr. Samuel James Hayden",male,25.0,0,0,13.0,S,21-30
136,0,2,"Richard, Mr. Emile",male,23.0,0,0,15.0458,C,21-30
137,1,1,"Newsom, Miss. Helen Monypeny",female,19.0,0,2,26.2833,S,11-20
138,0,1,"Futrelle, Mr. Jacques Heath",male,37.0,1,0,53.1,S,31-40
139,0,3,"Osen, Mr. Olaf Elon",male,16.0,0,0,9.2167,S,11-20
140,0,1,"Giglio, Mr. Victor",male,24.0,0,0,79.2,C,21-30
142,1,3,"Nysten, Miss. Anna Sofia",female,22.0,0,0,7.75,S,21-30
143,1,3,"Hakkarainen, Mrs. Pekka Pietari (Elin Matilda Dolck)",female,24.0,1,0,15.85,S,21-30
144,0,3,"Burke, Mr. Jeremiah",male,19.0,0,0,6.75,Q,11-20
145,0,2,"Andrew, Mr. Edgardo Samuel",male,18.0,0,0,11.5,S,11-20
146,0,2,"Nicholls, Mr. Joseph Charles",male,19.0,1,1,36.75,S,11-20
147,1,3,"Andersson, Mr. August Edvard (""Wennerstrom"")",male,27.0,0,0,7.7958,S,21-30
148,0,3,"Ford, Miss. Robina Maggie ""Ruby""",female,9.0,2,2,34.375,S,0-10
149,0,2,"Navratil, Mr. Michel (""Louis M Hoffman"")",male,36.5,0,2,26.0,S,31-40
150,0,2,"Byles, Rev. Thomas Roussel Davids",male,42.0,0,0,13.0,S,41-50
151,0,2,"Bateman, Rev. Robert James",male,51.0,0,0,12.525,S,51-60
152,1,1,"Pears, Mrs. Thomas (Edith Wearne)",female,22.0,1,0,66.6,S,21-30
153,0,3,"Meo, Mr. Alfonzo",male,55.5,0,0,8.05,S,51-60
154,0,3,"van Billiard, Mr. Austin Blyler",male,40.5,0,2,14.5,S,31-40
156,0,1,"Williams, Mr. Charles Duane",male,51.0,0,1,61.3792,C,51-60
157,1,3,"Gilnagh, Miss. Katherine ""Katie""",female,16.0,0,0,7.7333,Q,11-20
158,0,3,"Corn, Mr. Harry",male,30.0,0,0,8.05,S,21-30
161,0,3,"Cribb, Mr. John Hatfield",male,44.0,0,1,16.1,S,41-50
162,1,2,"Watt, Mrs. James (Elizabeth ""Bessie"" Inglis Milne)",female,40.0,0,0,15.75,S,31-40
163,0,3,"Bengtsson, Mr. John Viktor",male,26.0,0,0,7.775,S,21-30
164,0,3,"Calic, Mr. Jovo",male,17.0,0,0,8.6625,S,11-20
165,0,3,"Panula, Master. Eino Viljami",male,1.0,4,1,39.6875,S,0-10
166,1,3,"Goldsmith, Master. Frank John William ""Frankie""",male,9.0,0,2,20.525,S,0-10
168,0,3,"Skoog, Mrs. William (Anna Bernhardina Karlsson)",female,45.0,1,4,27.9,S,41-50
170,0,3,"Ling, Mr. Lee",male,28.0,0,0,56.4958,S,21-30
171,0,1,"Van der hoef, Mr. Wyckoff",male,61.0,0,0,33.5,S,61+
172,0,3,"Rice, Master. Arthur",male,4.0,4,1,29.125,Q,0-10
173,1,3,"Johnson, Miss. Eleanor Ileen",female,1.0,1,1,11.1333,S,0-10
174,0,3,"Sivola, Mr. Antti Wilhelm",male,21.0,0,0,7.925,S,21-30
175,0,1,"Smith, Mr. James Clinch",male,56.0,0,0,30.6958,C,51-60
176,0,3,"Klasen, Mr. Klas Albin",male,18.0,1,1,7.8542,S,11-20
178,0,1,"Isham, Miss. Ann Elizabeth",female,50.0,0,0,28.7125,C,41-50
179,0,2,"Hale, Mr. Reginald",male,30.0,0,0,13.0,S,21-30
180,0,3,"Leonard, Mr. Lionel",male,36.0,0,0,0.0,S,31-40
183,0,3,"Asplund, Master. Clarence Gustaf Hugo",male,9.0,4,2,31.3875,S,0-10
184,1,2,"Becker, Master. Richard F",male,1.0,2,1,39.0,S,0-10
185,1,3,"Kink-Heilmann, Miss. Luise Gretchen",female,4.0,0,2,22.025,S,0-10
188,1,1,"Romaine, Mr. Charles Hallace (""Mr C Rolmane"")",male,45.0,0,0,26.55,S,41-50
189,0,3,"Bourke, Mr. John",male,40.0,1,1,15.5,Q,31-40
190,0,3,"Turcin, Mr. Stjepan",male,36.0,0,0,7.8958,S,31-40
191,1,2,"Pinsky, Mrs. (Rosa)",female,32.0,0,0,13.0,S,31-40
192,0,2,"Carbines, Mr. William",male,19.0,0,0,13.0,S,11-20
193,1,3,"Andersen-Jensen, Miss. Carla Christine Nielsine",female,19.0,1,0,7.8542,S,11-20
194,1,2,"Navratil, Master. Michel M",male,3.0,1,1,26.0,S,0-10
195,1,1,"Brown, Mrs. James Joseph (Margaret Tobin)",female,44.0,0,0,27.7208,C,41-50
196,1,1,"Lurette, Miss. Elise",female,58.0,0,0,146.5208,C,51-60
198,0,3,"Olsen, Mr. Karl Siegwart Andreas",male,42.0,0,1,8.4042,S,41-50
200,0,2,"Yrois, Miss. Henriette (""Mrs Harbeck"")",female,24.0,0,0,13.0,S,21-30
201,0,3,"Vande Walle, Mr. Nestor Cyriel",male,28.0,0,0,9.5,S,21-30
203,0,3,"Johanson, Mr. Jakob Alfred",male,34.0,0,0,6.4958,S,31-40
204,0,3,"Youseff, Mr. Gerious",male,45.5,0,0,7.225,C,41-50
205,1,3,"Cohen, Mr. Gurshon ""Gus""",male,18.0,0,0,8.05,S,11-20
206,0,3,"Strom, Miss. Telma Matilda",female,2.0,0,1,10.4625,S,0-10
207,0,3,"Backstrom, Mr. Karl Alfred",male,32.0,1,0,15.85,S,31-40
208,1,3,"Albimona, Mr. Nassef Cassem",male,26.0,0,0,18.7875,C,21-30
209,1,3,"Carr, Miss. Helen ""Ellen""",female,16.0,0,0,7.75,Q,11-20
210,1,1,"Blank, Mr. Henry",male,40.0,0,0,31.0,C,31-40
211,0,3,"Ali, Mr. Ahmed",male,24.0,0,0,7.05,S,21-30
212,1,2,"Cameron, Miss. Clear Annie",female,35.0,0,0,21.0,S,31-40
213,0,3,"Perkin, Mr. John Henry",male,22.0,0,0,7.25,S,21-30
214,0,2,"Givard, Mr. Hans Kristensen",male,30.0,0,0,13.0,S,21-30
216,1,1,"Newell, Miss. Madeleine",female,31.0,1,0,113.275,C,31-40
217,1,3,"Honkanen, Miss. Eliina",female,27.0,0,0,7.925,S,21-30
218,0,2,"Jacobsohn, Mr. Sidney Samuel",male,42.0,1,0,27.0,S,41-50
219,1,1,"Bazzani, Miss. Albina",female,32.0,0,0,76.2917,C,31-40
220,0,2,"Harris, Mr. Walter",male,30.0,0,0,10.5,S,21-30
221,1,3,"Sunderland, Mr. Victor Francis",male,16.0,0,0,8.05,S,11-20
222,0,2,"Bracken, Mr. James H",male,27.0,0,0,13.0,S,21-30
223,0,3,"Green, Mr. George Henry",male,51.0,0,0,8.05,S,51-60
225,1,1,"Hoyt, Mr. Frederick Maxfield",male,38.0,1,0,90.0,S,31-40
226,0,3,"Berglund, Mr. Karl Ivar Sven",male,22.0,0,0,9.35,S,21-30
227,1,2,"Mellors, Mr. William John",male,19.0,0,0,10.5,S,11-20
228,0,3,"Lovell, Mr. John Hall (""Henry"")",male,20.5,0,0,7.25,S,11-20
229,0,2,"Fahlstrom, Mr. Arne Jonas",male,18.0,0,0,13.0,S,11-20
231,1,1,"Harris, Mrs. Henry Birkhardt (Irene Wallach)",female,35.0,1,0,83.475,S,31-40
232,0,3,"Larsson, Mr. Bengt Edvin",male,29.0,0,0,7.775,S,21-30
233,0,2,"Sjostedt, Mr. Ernst Adolf",male,59.0,0,0,13.5,S,51-60
234,1,3,"Asplund, Miss. Lillian Gertrud",female,5.0,4,2,31.3875,S,0-10
235,0,2,"Leyson, Mr. Robert William Norman",male,24.0,0,0,10.5,S,21-30
237,0,2,"Hold, Mr. Stephen",male,44.0,1,0,26.0,S,41-50
238,1,2,"Collyer, Miss. Marjorie ""Lottie""",female,8.0,0,2,26.25,S,0-10
239,0,2,"Pengelly, Mr. Frederick William",male,19.0,0,0,10.5,S,11-20
240,0,2,"Hunt, Mr. George Henry",male,33.0,0,0,12.275,S,31-40
243,0,2,"Coleridge, Mr. Reginald Charles",male,29.0,0,0,10.5,S,21-30
244,0,3,"Maenpaa, Mr. Matti Alexanteri",male,22.0,0,0,7.125,S,21-30
245,0,3,"Attalah, Mr. Sleiman",male,30.0,0,0,7.225,C,21-30
246,0,1,"Minahan, Dr. William Edward",male,44.0,2,0,90.0,Q,41-50
247,0,3,"Lindahl, Miss. Agda Thorilda Viktoria",female,25.0,0,0,7.775,S,21-30
248,1,2,"Hamalainen, Mrs. William (Anna)",female,24.0,0,2,14.5,S,21-30
249,1,1,"Beckwith, Mr. Richard Leonard",male,37.0,1,1,52.5542,S,31-40
250,0,2,"Carter, Rev. Ernest Courtenay",male,54.0,1,0,26.0,S,51-60
252,0,3,"Strom, Mrs. Wilhelm (Elna Matilda Persson)",female,29.0,1,1,10.4625,S,21-30
253,0,1,"Stead, Mr. William Thomas",male,62.0,0,0,26.55,S,61+
254,0,3,"Lobb, Mr. William Arthur",male,30.0,1,0,16.1,S,21-30
255,0,3,"Rosblom, Mrs. Viktor (Helena Wilhelmina)",female,41.0,0,2,20.2125,S,41-50
256,1,3,"Touma, Mrs. Darwis (Hanne Youssef Razi)",female,29.0,0,2,15.2458,C,21-30
258,1,1,"Cherry, Miss. Gladys",female,30.0,0,0,86.5,S,21-30
259,1,1,"Ward, Miss. Anna",female,35.0,0,0,512.3292,C,31-40
260,1,2,"Parrish, Mrs. (Lutie Davis)",female,50.0,0,1,26.0,S,41-50
262,1,3,"Asplund, Master. Edvin Rojj Felix",male,3.0,4,2,31.3875,S,0-10
263,0,1,"Taussig, Mr. Emil",male,52.0,1,1,79.65,S,51-60
264,0,1,"Harrison, Mr. William",male,40.0,0,0,0.0,S,31-40
266,0,2,"Reeves, Mr. David",male,36.0,0,0,10.5,S,31-40
267,0,3,"Panula, Mr. Ernesti Arvid",male,16.0,4,1,39.6875,S,11-20
268,1,3,"Persson, Mr. Ernst Ulrik",male,25.0,1,0,7.775,S,21-30
269,1,1,"Graham, Mrs. William Thompson (Edith Junkins)",female,58.0,0,1,153.4625,S,51-60
270,1,1,"Bissette, Miss. Amelia",female,35.0,0,0,135.6333,S,31-40
272,1,3,"Tornquist, Mr. William Henry",male,25.0,0,0,0.0,S,21-30
273,1,2,"Mellinger, Mrs. (Elizabeth Anne Maidment)",female,41.0,0,1,19.5,S,41-50
274,0,1,"Natsch, Mr. Charles H",male,37.0,0,1,29.7,C,31-40
276,1,1,"Andrews, Miss. Kornelia Theodosia",female,63.0,1,0,77.9583,S,61+
277,0,3,"Lindblom, Miss. Augusta Charlotta",female,45.0,0,0,7.75,S,41-50
279,0,3,"Rice, Master. Eric",male,7.0,4,1,29.125,Q,0-10
280,1,3,"Abbott, Mrs. Stanton (Rosa Hunt)",female,35.0,1,1,20.25,S,31-40
281,0,3,"Duane, Mr. Frank",male,65.0,0,0,7.75,Q,61+
282,0,3,"Olsson, Mr. Nils Johan Goransson",male,28.0,0,0,7.8542,S,21-30
283,0,3,"de Pelsmaeker, Mr. Alfons",male,16.0,0,0,9.5,S,11-20
284,1,3,"Dorking, Mr. Edward Arthur",male,19.0,0,0,8.05,S,11-20
286,0,3,"Stankovic, Mr. Ivan",male,33.0,0,0,8.6625,C,31-40
287,1,3,"de Mulder, Mr. Theodore",male,30.0,0,0,9.5,S,21-30
288,0,3,"Naidenoff, Mr. Penko",male,22.0,0,0,7.8958,S,21-30
289,1,2,"Hosono, Mr. Masabumi",male,42.0,0,0,13.0,S,41-50
290,1,3,"Connolly, Miss. Kate",female,22.0,0,0,7.75,Q,21-30
291,1,1,"Barber, Miss. Ellen ""Nellie""",female,26.0,0,0,78.85,S,21-30
292,1,1,"Bishop, Mrs. Dickinson H (Helen Walton)",female,19.0,1,0,91.0792,C,11-20
293,0,2,"Levy, Mr. Rene Jacques",male,36.0,0,0,12.875,C,31-40
294,0,3,"Haas, Miss. Aloisia",female,24.0,0,0,8.85,S,21-30
295,0,3,"Mineff, Mr. Ivan",male,24.0,0,0,7.8958,S,21-30
297,0,3,"Hanna, Mr. Mansour",male,23.5,0,0,7.2292,C,21-30
298,0,1,"Allison, Miss. Helen Loraine",female,2.0,1,2,151.55,S,0-10
300,1,1,"Baxter, Mrs. James (Helene DeLaudeniere Chaput)",female,50.0,0,1,247.5208,C,41-50
303,0,3,"Johnson, Mr. William Cahoone Jr",male,19.0,0,0,0.0,S,11-20
306,1,1,"Allison, Master. Hudson Trevor",male,0.92,1,2,151.55,S,0-10
308,1,1,"Penasco y Castellana, Mrs. Victor de Satode (Maria Josefa Perez de Soto y Vallejo)",female,17.0,1,0,108.9,C,11-20
309,0,2,"Abelson, Mr. Samuel",male,30.0,1,0,24.0,C,21-30
310,1,1,"Francatelli, Miss. Laura Mabel",female,30.0,0,0,56.9292,C,21-30
311,1,1,"Hays, Miss. Margaret Bechstein",female,24.0,0,0,83.1583,C,21-30
312,1,1,"Ryerson, Miss. Emily Borie",female,18.0,2,2,262.375,C,11-20
313,0,2,"Lahtinen, Mrs. William (Anna Sylfven)",female,26.0,1,1,26.0,S,21-30
314,0,3,"Hendekovic, Mr. Ignjac",male,28.0,0,0,7.8958,S,21-30
315,0,2,"Hart, Mr. Benjamin",male,43.0,1,1,26.25,S,41-50
316,1,3,"Nilsson, Miss. Helmina Josefina",female,26.0,0,0,7.8542,S,21-30
317,1,2,"Kantor, Mrs. Sinai (Miriam Sternin)",female,24.0,1,0,26.0,S,21-30
318,0,2,"Moraweck, Dr. Ernest",male,54.0,0,0,14.0,S,51-60
319,1,1,"Wick, Miss. Mary Natalie",female,31.0,0,2,164.8667,S,31-40
320,1,1,"Spedden, Mrs. Frederic Oakley (Margaretta Corning Stone)",female,40.0,1,1,134.5,C,31-40
321,0,3,"Dennis, Mr. Samuel",male,22.0,0,0,7.25,S,21-30
322,0,3,"Danoff, Mr. Yoto",male,27.0,0,0,7.8958,S,21-30
323,1,2,"Slayter, Miss. Hilda Mary",female,30.0,0,0,12.35,Q,21-30
324,1,2,"Caldwell, Mrs. Albert Francis (Sylvia Mae Harbaugh)",female,22.0,1,1,29.0,S,21-30
326,1,1,"Young, Miss. Marie Grice",female,36.0,0,0,135.6333,C,31-40
327,0,3,"Nysveen, Mr. Johan Hansen",male,61.0,0,0,6.2375,S,61+
328,1,2,"Ball, Mrs. (Ada E Hall)",female,36.0,0,0,13.0,S,31-40
329,1,3,"Goldsmith, Mrs. Frank John (Emily Alice Brown)",female,31.0,1,1,20.525,S,31-40
330,1,1,"Hippach, Miss. Jean Gertrude",female,16.0,0,1,57.9792,C,11-20
332,0,1,"Partner, Mr. Austen",male,45.5,0,0,28.5,S,41-50
333,0,1,"Graham, Mr. George Edward",male,38.0,0,1,153.4625,S,31-40
334,0,3,"Vander Planke, Mr. Leo Edmondus",male,16.0,2,0,18.0,S,11-20
337,0,1,"Pears, Mr. Thomas Clinton",male,29.0,1,0,66.6,S,21-30
338,1,1,"Burns, Miss. Elizabeth Margaret",female,41.0,0,0,134.5,C,41-50
339,1,3,"Dahl, Mr. Karl Edwart",male,45.0,0,0,8.05,S,41-50
340,0,1,"Blackwell, Mr. Stephen Weart",male,45.0,0,0,35.5,S,41-50
341,1,2,"Navratil, Master. Edmond Roger",male,2.0,1,1,26.0,S,0-10
342,1,1,"Fortune, Miss. Alice Elizabeth",female,24.0,3,2,263.0,S,21-30
343,0,2,"Collander, Mr. Erik Gustaf",male,28.0,0,0,13.0,S,21-30
344,0,2,"Sedgwick, Mr. Charles Frederick Waddington",male,25.0,0,0,13.0,S,21-30
345,0,2,"Fox, Mr. Stanley Hubert",male,36.0,0,0,13.0,S,31-40
346,1,2,"Brown, Miss. Amelia ""Mildred""",female,24.0,0,0,13.0,S,21-30
347,1,2,"Smith, Miss. Marion Elsie",female,40.0,0,0,13.0,S,31-40
349,1,3,"Coutts, Master. William Loch ""William""",male,3.0,1,1,15.9,S,0-10
350,0,3,"Dimic, Mr. Jovan",male,42.0,0,0,8.6625,S,41-50
351,0,3,"Odahl, Mr. Nils Martin",male,23.0,0,0,9.225,S,21-30
353,0,3,"Elias, Mr. Tannous",male,15.0,1,1,7.2292,C,11-20
354,0,3,"Arnold-Franchi, Mr. Josef",male,25.0,1,0,17.8,S,21-30
356,0,3,"Vanden Steen, Mr. Leo Peter",male,28.0,0,0,9.5,S,21-30
357,1,1,"Bowerman, Miss. Elsie Edith",female,22.0,0,1,55.0,S,21-30
358,0,2,"Funk, Miss. Annie Clemmer",female,38.0,0,0,13.0,S,31-40
361,0,3,"Skoog, Mr. Wilhelm",male,40.0,1,4,27.9,S,31-40
362,0,2,"del Carlo, Mr. Sebastiano",male,29.0,1,0,27.7208,C,21-30
363,0,3,"Barbara, Mrs. (Catherine David)",female,45.0,0,1,14.4542,C,41-50
364,0,3,"Asim, Mr. Adola",male,35.0,0,0,7.05,S,31-40
366,0,3,"Adahl, Mr. Mauritz Nils Martin",male,30.0,0,0,7.25,S,21-30
367,1,1,"Warren, Mrs. Frank Manley (Anna Sophia Atkinson)",female,60.0,1,0,75.25,C,51-60
370,1,1,"Aubart, Mme. Leontine Pauline",female,24.0,0,0,69.3,C,21-30
371,1,1,"Harder, Mr. George Achilles",male,25.0,1,0,55.4417,C,21-30
372,0,3,"Wiklund, Mr. Jakob Alfred",male,18.0,1,0,6.4958,S,11-20
373,0,3,"Beavan, Mr. William Thomas",male,19.0,0,0,8.05,S,11-20
374,0,1,"Ringhini, Mr. Sante",male,22.0,0,0,135.6333,C,21-30
375,0,3,"Palsson, Miss. Stina Viola",female,3.0,3,1,21.075,S,0-10
377,1,3,"Landergren, Miss. Aurora Adelia",female,22.0,0,0,7.25,S,21-30
378,0,1,"Widener, Mr. Harry Elkins",male,27.0,0,2,211.5,C,21-30
379,0,3,"Betros, Mr. Tannous",male,20.0,0,0,4.0125,C,11-20
380,0,3,"Gustafsson, Mr. Karl Gideon",male,19.0,0,0,7.775,S,11-20
381,1,1,"Bidois, Miss. Rosalie",female,42.0,0,0,227.525,C,41-50
382,1,3,"Nakid, Miss. Maria (""Mary"")",female,1.0,0,2,15.7417,C,0-10
383,0,3,"Tikkanen, Mr. Juho",male,32.0,0,0,7.925,S,31-40
384,1,1,"Holverson, Mrs. Alexander Oskar (Mary Aline Towner)",female,35.0,1,0,52.0,S,31-40
386,0,2,"Davies, Mr. Charles Henry",male,18.0,0,0,73.5,S,11-20
387,0,3,"Goodwin, Master. Sidney Leonard",male,1.0,5,2,46.9,S,0-10
388,1,2,"Buss, Miss. Kate",female,36.0,0,0,13.0,S,31-40
390,1,2,"Lehmann, Miss. Bertha",female,17.0,0,0,12.0,C,11-20
391,1,1,"Carter, Mr. William Ernest",male,36.0,1,2,120.0,S,31-40
392,1,3,"Jansson, Mr. Carl Olof",male,21.0,0,0,7.7958,S,21-30
393,0,3,"Gustafsson, Mr. Johan Birger",male,28.0,2,0,7.925,S,21-30
394,1,1,"Newell, Miss. Marjorie",female,23.0,1,0,113.275,C,21-30
395,1,3,"Sandstrom, Mrs. Hjalmar (Agnes Charlotta Bengtsson)",female,24.0,0,2,16.7,S,21-30
396,0,3,"Johansson, Mr. Erik",male,22.0,0,0,7.7958,S,21-30
397,0,3,"Olsson, Miss. Elina",female,31.0,0,0,7.8542,S,31-40
398,0,2,"McKane, Mr. Peter David",male,46.0,0,0,26.0,S,41-50
399,0,2,"Pain, Dr. Alfred",male,23.0,0,0,10.5,S,21-30
400,1,2,"Trout, Mrs. William H (Jessie L)",female,28.0,0,0,12.65,S,21-30
401,1,3,"Niskanen, Mr. Juha",male,39.0,0,0,7.925,S,31-40
402,0,3,"Adams, Mr. John",male,26.0,0,0,8.05,S,21-30
403,0,3,"Jussila, Miss. Mari Aina",female,21.0,1,0,9.825,S,21-30
404,0,3,"Hakkarainen, Mr. Pekka Pietari",male,28.0,1,0,15.85,S,21-30
405,0,3,"Oreskovic, Miss. Marija",female,20.0,0,0,8.6625,S,11-20
406,0,2,"Gale, Mr. Shadrach",male,34.0,1,0,21.0,S,31-40
407,0,3,"Widegren, Mr. Carl/Charles Peter",male,51.0,0,0,7.75,S,51-60
408,1,2,"Richards, Master. William Rowe",male,3.0,1,1,18.75,S,0-10
409,0,3,"Birkeland, Mr. Hans Martin Monsen",male,21.0,0,0,7.775,S,21-30
413,1,1,"Minahan, Miss. Daisy E",female,33.0,1,0,90.0,Q,31-40
415,1,3,"Sundman, Mr. Johan Julian",male,44.0,0,0,7.925,S,41-50
417,1,2,"Drew, Mrs. James Vivian (Lulu Thorne Christian)",female,34.0,1,1,32.5,S,31-40
418,1,2,"Silven, Miss. Lyyli Karoliina",female,18.0,0,2,13.0,S,11-20
419,0,2,"Matthews, Mr. William John",male,30.0,0,0,13.0,S,21-30
420,0,3,"Van Impe, Miss. Catharina",female,10.0,0,2,24.15,S,0-10
422,0,3,"Charters, Mr. David",male,21.0,0,0,7.7333,Q,21-30
423,0,3,"Zimmerman, Mr. Leo",male,29.0,0,0,7.875,S,21-30
424,0,3,"Danbom, Mrs. Ernst Gilbert (Anna Sigrid Maria Brogren)",female,28.0,1,1,14.4,S,21-30
425,0,3,"Rosblom, Mr. Viktor Richard",male,18.0,1,1,20.2125,S,11-20
427,1,2,"Clarke, Mrs. Charles V (Ada Maria Winfield)",female,28.0,1,0,26.0,S,21-30
428,1,2,"Phillips, Miss. Kate Florence (""Mrs Kate Louise Phillips Marshall"")",female,19.0,0,0,26.0,S,11-20
430,1,3,"Pickard, Mr. Berk (Berk Trembisky)",male,32.0,0,0,8.05,S,31-40
431,1,1,"Bjornstrom-Steffansson, Mr. Mauritz Hakan",male,28.0,0,0,26.55,S,21-30
433,1,2,"Louch, Mrs. Charles Alexander (Alice Adelaide Slow)",female,42.0,1,0,26.0,S,41-50
434,0,3,"Kallio, Mr. Nikolai Erland",male,17.0,0,0,7.125,S,11-20
435,0,1,"Silvey, Mr. William Baird",male,50.0,1,0,55.9,S,41-50
436,1,1,"Carter, Miss. Lucile Polk",female,14.0,1,2,120.0,S,11-20
437,0,3,"Ford, Miss. Doolina Margaret ""Daisy""",female,21.0,2,2,34.375,S,21-30
438,1,2,"Richards, Mrs. Sidney (Emily Hocking)",female,24.0,2,3,18.75,S,21-30
439,0,1,"Fortune, Mr. Mark",male,64.0,1,4,263.0,S,61+
440,0,2,"Kvillner, Mr. Johan Henrik Johannesson",male,31.0,0,0,10.5,S,31-40
441,1,2,"Hart, Mrs. Benjamin (Esther Ada Bloomfield)",female,45.0,1,1,26.25,S,41-50
442,0,3,"Hampe, Mr. Leon",male,20.0,0,0,9.5,S,11-20
443,0,3,"Petterson, Mr. Johan Emil",male,25.0,1,0,7.775,S,21-30
444,1,2,"Reynaldo, Ms. Encarnacion",female,28.0,0,0,13.0,S,21-30
446,1,1,"Dodge, Master. Washington",male,4.0,0,2,81.8583,S,0-10
447,1,2,"Mellinger, Miss. Madeleine Violet",female,13.0,0,1,19.5,S,11-20
448,1,1,"Seward, Mr. Frederic Kimber",male,34.0,0,0,26.55,S,31-40
449,1,3,"Baclini, Miss. Marie Catherine",female,5.0,2,1,19.2583,C,0-10
450,1,1,"Peuchen, Major. Arthur Godfrey",male,52.0,0,0,30.5,S,51-60
451,0,2,"West, Mr. Edwy Arthur",male,36.0,1,2,27.75,S,31-40
453,0,1,"Foreman, Mr. Benjamin Laventall",male,30.0,0,0,27.75,C,21-30
454,1,1,"Goldenberg, Mr. Samuel L",male,49.0,1,0,89.1042,C,41-50
456,1,3,"Jalsevac, Mr. Ivan",male,29.0,0,0,7.8958,C,21-30
457,0,1,"Millet, Mr. Francis Davis",male,65.0,0,0,26.55,S,61+
459,1,2,"Toomey, Miss. Ellen",female,50.0,0,0,10.5,S,41-50
461,1,1,"Anderson, Mr. Harry",male,48.0,0,0,26.55,S,41-50
462,0,3,"Morley, Mr. William",male,34.0,0,0,8.05,S,31-40
463,0,1,"Gee, Mr. Arthur H",male,47.0,0,0,38.5,S,41-50
464,0,2,"Milling, Mr. Jacob Christian",male,48.0,0,0,13.0,S,41-50
466,0,3,"Goncalves, Mr. Manuel Estanslas",male,38.0,0,0,7.05,S,31-40
468,0,1,"Smart, Mr. John Montgomery",male,56.0,0,0,26.55,S,51-60
470,1,3,"Baclini, Miss. Helene Barbara",female,0.75,2,1,19.2583,C,0-10
472,0,3,"Cacic, Mr. Luka",male,38.0,0,0,8.6625,S,31-40
473,1,2,"West, Mrs. Edwy Arthur (Ada Mary Worth)",female,33.0,1,2,27.75,S,31-40
474,1,2,"Jerwan, Mrs. Amin S (Marie Marthe Thuillard)",female,23.0,0,0,13.7917,C,21-30
475,0,3,"Strandberg, Miss. Ida Sofia",female,22.0,0,0,9.8375,S,21-30
477,0,2,"Renouf, Mr. Peter Henry",male,34.0,1,0,21.0,S,31-40
478,0,3,"Braund, Mr. Lewis Richard",male,29.0,1,0,7.0458,S,21-30
479,0,3,"Karlsson, Mr. Nils August",male,22.0,0,0,7.5208,S,21-30
480,1,3,"Hirvonen, Miss. Hildur E",female,2.0,0,1,12.2875,S,0-10
481,0,3,"Goodwin, Master. Harold Victor",male,9.0,5,2,46.9,S,0-10
483,0,3,"Rouse, Mr. Richard Henry",male,50.0,0,0,8.05,S,41-50
484,1,3,"Turkula, Mrs. (Hedwig)",female,63.0,0,0,9.5875,S,61+
485,1,1,"Bishop, Mr. Dickinson H",male,25.0,1,0,91.0792,C,21-30
487,1,1,"Hoyt, Mrs. Frederick Maxfield (Jane Anne Forby)",female,35.0,1,0,90.0,S,31-40
488,0,1,"Kent, Mr. Edward Austin",male,58.0,0,0,29.7,C,51-60
489,0,3,"Somerton, Mr. Francis William",male,30.0,0,0,8.05,S,21-30
490,1,3,"Coutts, Master. Eden Leslie ""Neville""",male,9.0,1,1,15.9,S,0-10
492,0,3,"Windelov, Mr. Einar",male,21.0,0,0,7.25,S,21-30
493,0,1,"Molson, Mr. Harry Markland",male,55.0,0,0,30.5,S,51-60
494,0,1,"Artagaveytia, Mr. Ramon",male,71.0,0,0,49.5042,C,61+
495,0,3,"Stanley, Mr. Edward Roland",male,21.0,0,0,8.05,S,21-30
497,1,1,"Eustis, Miss. Elizabeth Mussey",female,54.0,1,0,78.2667,C,51-60
499,0,1,"Allison, Mrs. Hudson J C (Bessie Waldo Daniels)",female,25.0,1,2,151.55,S,21-30
500,0,3,"Svensson, Mr. Olof",male,24.0,0,0,7.7958,S,21-30
501,0,3,"Calic, Mr. Petar",male,17.0,0,0,8.6625,S,11-20
502,0,3,"Canavan, Miss. Mary",female,21.0,0,0,7.75,Q,21-30
504,0,3,"Laitinen, Miss. Kristina Sofia",female,37.0,0,0,9.5875,S,31-40
505,1,1,"Maioni, Miss. Roberta",female,16.0,0,0,86.5,S,11-20
506,0,1,"Penasco y Castellana, Mr. Victor de Satode",male,18.0,1,0,108.9,C,11-20
507,1,2,"Quick, Mrs. Frederick Charles (Jane Richards)",female,33.0,0,2,26.0,S,31-40
509,0,3,"Olsen, Mr. Henry Margido",male,28.0,0,0,22.525,S,21-30
510,1,3,"Lang, Mr. Fang",male,26.0,0,0,56.4958,S,21-30
511,1,3,"Daly, Mr. Eugene Patrick",male,29.0,0,0,7.75,Q,21-30
513,1,1,"McGough, Mr. James Robert",male,36.0,0,0,26.2875,S,31-40
514,1,1,"Rothschild, Mrs. Martin (Elizabeth L. Barrett)",female,54.0,1,0,59.4,C,51-60
515,0,3,"Coleff, Mr. Satio",male,24.0,0,0,7.4958,S,21-30
516,0,1,"Walker, Mr. William Anderson",male,47.0,0,0,34.0208,S,41-50
517,1,2,"Lemore, Mrs. (Amelia Milley)",female,34.0,0,0,10.5,S,31-40
519,1,2,"Angle, Mrs. William A (Florence ""Mary"" Agnes Hughes)",female,36.0,1,0,26.0,S,31-40
520,0,3,"Pavlovic, Mr. Stefo",male,32.0,0,0,7.8958,S,31-40
521,1,1,"Perreault, Miss. Anne",female,30.0,0,0,93.5,S,21-30
522,0,3,"Vovk, Mr. Janko",male,22.0,0,0,7.8958,S,21-30
524,1,1,"Hippach, Mrs. Louis Albert (Ida Sophia Fischer)",female,44.0,0,1,57.9792,C,41-50
526,0,3,"Farrell, Mr. James",male,40.5,0,0,7.75,Q,31-40
527,1,2,"Ridsdale, Miss. Lucy",female,50.0,0,0,10.5,S,41-50
529,0,3,"Salonen, Mr. Johan Werner",male,39.0,0,0,7.925,S,31-40
530,0,2,"Hocking, Mr. Richard George",male,23.0,2,1,11.5,S,21-30
531,1,2,"Quick, Miss. Phyllis May",female,2.0,1,1,26.0,S,0-10
533,0,3,"Elias, Mr. Joseph Jr",male,17.0,1,1,7.2292,C,11-20
535,0,3,"Cacic, Miss. Marija",female,30.0,0,0,8.6625,S,21-30
536,1,2,"Hart, Miss. Eva Miriam",female,7.0,0,2,26.25,S,0-10
537,0,1,"Butt, Major. Archibald Willingham",male,45.0,0,0,26.55,S,41-50
538,1,1,"LeRoy, Miss. Bertha",female,30.0,0,0,106.425,C,21-30
540,1,1,"Frolicher, Miss. Hedwig Margaritha",female,22.0,0,2,49.5,C,21-30
541,1,1,"Crosby, Miss. Harriet R",female,36.0,0,2,71.0,S,31-40
542,0,3,"Andersson, Miss. Ingeborg Constanzia",female,9.0,4,2,31.275,S,0-10
543,0,3,"Andersson, Miss. Sigrid Elisabeth",female,11.0,4,2,31.275,S,11-20
544,1,2,"Beane, Mr. Edward",male,32.0,1,0,26.0,S,31-40
545,0,1,"Douglas, Mr. Walter Donald",male,50.0,1,0,106.425,C,41-50
546,0,1,"Nicholson, Mr. Arthur Ernest",male,64.0,0,0,26.0,S,61+
547,1,2,"Beane, Mrs. Edward (Ethel Clarke)",female,19.0,1,0,26.0,S,11-20
549,0,3,"Goldsmith, Mr. Frank John",male,33.0,1,1,20.525,S,31-40
550,1,2,"Davies, Master. John Morgan Jr",male,8.0,1,1,36.75,S,0-10
551,1,1,"Thayer, Mr. John Borland Jr",male,17.0,0,2,110.8833,C,11-20
552,0,2,"Sharp, Mr. Percival James R",male,27.0,0,0,26.0,S,21-30
554,1,3,"Leeni, Mr. Fahim (""Philip Zenni"")",male,22.0,0,0,7.225,C,21-30
555,1,3,"Ohman, Miss. Velin",female,22.0,0,0,7.775,S,21-30
556,0,1,"Wright, Mr. George",male,62.0,0,0,26.55,S,61+
557,1,1,"Duff Gordon, Lady. (Lucille Christiana Sutherland) (""Mrs Morgan"")",female,48.0,1,0,39.6,C,41-50
559,1,1,"Taussig, Mrs. Emil (Tillie Mandelbaum)",female,39.0,1,1,79.65,S,31-40
560,1,3,"de Messemaeker, Mrs. Guillaume Joseph (Emma)",female,36.0,1,0,17.4,S,31-40
562,0,3,"Sivic, Mr. Husein",male,40.0,0,0,7.8958,S,31-40
563,0,2,"Norman, Mr. Robert Douglas",male,28.0,0,0,13.5,S,21-30
566,0,3,"Davies, Mr. Alfred J",male,24.0,2,0,24.15,S,21-30
567,0,3,"Stoytcheff, Mr. Ilia",male,19.0,0,0,7.8958,S,11-20
568,0,3,"Palsson, Mrs. Nils (Alma Cornelia Berglund)",female,29.0,0,4,21.075,S,21-30
570,1,3,"Jonsson, Mr. Carl",male,32.0,0,0,7.8542,S,31-40
571,1,2,"Harris, Mr. George",male,62.0,0,0,10.5,S,61+
572,1,1,"Appleton, Mrs. Edward Dale (Charlotte Lamson)",female,53.0,2,0,51.4792,S,51-60
573,1,1,"Flynn, Mr. John Irwin (""Irving"")",male,36.0,0,0,26.3875,S,31-40
575,0,3,"Rush, Mr. Alfred George John",male,16.0,0,0,8.05,S,11-20
576,0,3,"Patchett, Mr. George",male,19.0,0,0,14.5,S,11-20
577,1,2,"Garside, Miss. Ethel",female,34.0,0,0,13.0,S,31-40
578,1,1,"Silvey, Mrs. William Baird (Alice Munger)",female,39.0,1,0,55.9,S,31-40
580,1,3,"Jussila, Mr. Eiriik",male,32.0,0,0,7.925,S,31-40
581,1,2,"Christy, Miss. Julie Rachel",female,25.0,1,1,30.0,S,21-30
582,1,1,"Thayer, Mrs. John Borland (Marian Longstreth Morris)",female,39.0,1,1,110.8833,C,31-40
583,0,2,"Downton, Mr. William James",male,54.0,0,0,26.0,S,51-60
584,0,1,"Ross, Mr. John Hugo",male,36.0,0,0,40.125,C,31-40
586,1,1,"Taussig, Miss. Ruth",female,18.0,0,2,79.65,S,11-20
587,0,2,"Jarvis, Mr. John Denzil",male,47.0,0,0,15.0,S,41-50
588,1,1,"Frolicher-Stehli, Mr. Maxmillian",male,60.0,1,1,79.2,C,51-60
589,0,3,"Gilinski, Mr. Eliezer",male,22.0,0,0,8.05,S,21-30
591,0,3,"Rintamaki, Mr. Matti",male,35.0,0,0,7.125,S,31-40
592,1,1,"Stephenson, Mrs. Walter Bertram (Martha Eustis)",female,52.0,1,0,78.2667,C,51-60
593,0,3,"Elsbury, Mr. William James",male,47.0,0,0,7.25,S,41-50
595,0,2,"Chapman, Mr. John Henry",male,37.0,1,0,26.0,S,31-40
596,0,3,"Van Impe, Mr. Jean Baptiste",male,36.0,1,1,24.15,S,31-40
598,0,3,"Johnson, Mr. Alfred",male,49.0,0,0,0.0,S,41-50
600,1,1,"Duff Gordon, Sir. Cosmo Edmund (""Mr Morgan"")",male,49.0,1,0,56.9292,C,41-50
601,1,2,"Jacobsohn, Mrs. Sidney Samuel (Amy Frances Christy)",female,24.0,2,1,27.0,S,21-30
604,0,3,"Torber, Mr. Ernst William",male,44.0,0,0,8.05,S,41-50
605,1,1,"Homer, Mr. Harry (""Mr E Haven"")",male,35.0,0,0,26.55,C,31-40
606,0,3,"Lindell, Mr. Edvard Bengtsson",male,36.0,1,0,15.55,S,31-40
607,0,3,"Karaic, Mr. Milan",male,30.0,0,0,7.8958,S,21-30
608,1,1,"Daniel, Mr. Robert Williams",male,27.0,0,0,30.5,S,21-30
609,1,2,"Laroche, Mrs. Joseph (Juliette Marie Louise Lafargue)",female,22.0,1,2,41.5792,C,21-30
610,1,1,"Shutes, Miss. Elizabeth W",female,40.0,0,0,153.4625,S,31-40
611,0,3,"Andersson, Mrs. Anders Johan (Alfrida Konstantia Brogren)",female,39.0,1,5,31.275,S,31-40
615,0,3,"Brocklebank, Mr. William Alfred",male,35.0,0,0,8.05,S,31-40
616,1,2,"Herman, Miss. Alice",female,24.0,1,2,65.0,S,21-30
617,0,3,"Danbom, Mr. Ernst Gilbert",male,34.0,1,1,14.4,S,31-40
618,0,3,"Lobb, Mrs. William Arthur (Cordelia K Stanlick)",female,26.0,1,0,16.1,S,21-30
619,1,2,"Becker, Miss. Marion Louise",female,4.0,2,1,39.0,S,0-10
620,0,2,"Gavey, Mr. Lawrence",male,26.0,0,0,10.5,S,21-30
621,0,3,"Yasbeck, Mr. Antoni",male,27.0,1,0,14.4542,C,21-30
622,1,1,"Kimball, Mr. Edwin Nelson Jr",male,42.0,1,0,52.5542,S,41-50
623,1,3,"Nakid, Mr. Sahid",male,20.0,1,1,15.7417,C,11-20
624,0,3,"Hansen, Mr. Henry Damsgaard",male,21.0,0,0,7.8542,S,21-30
625,0,3,"Bowen, Mr. David John ""Dai""",male,21.0,0,0,16.1,S,21-30
626,0,1,"Sutton, Mr. Frederick",male,61.0,0,0,32.3208,S,61+
627,0,2,"Kirkland, Rev. Charles Leonard",male,57.0,0,0,12.35,Q,51-60
628,1,1,"Longley, Miss. Gretchen Fiske",female,21.0,0,0,77.9583,S,21-30
629,0,3,"Bostandyeff, Mr. Guentcho",male,26.0,0,0,7.8958,S,21-30
631,1,1,"Barkworth, Mr. Algernon Henry Wilson",male,80.0,0,0,30.0,S,61+
632,0,3,"Lundahl, Mr. Johan Svensson",male,51.0,0,0,7.0542,S,51-60
633,1,1,"Stahelin-Maeglin, Dr. Max",male,32.0,0,0,30.5,C,31-40
635,0,3,"Skoog, Miss. Mabel",female,9.0,3,2,27.9,S,0-10
636,1,2,"Davis, Miss. Mary",female,28.0,0,0,13.0,S,21-30
637,0,3,"Leinonen, Mr. Antti Gustaf",male,32.0,0,0,7.925,S,31-40
638,0,2,"Collyer, Mr. Harvey",male,31.0,1,1,26.25,S,31-40
639,0,3,"Panula, Mrs. Juha (Maria Emilia Ojala)",female,41.0,0,5,39.6875,S,41-50
641,0,3,"Jensen, Mr. Hans Peder",male,20.0,0,0,7.8542,S,11-20
642,1,1,"Sagesser, Mlle. Emma",female,24.0,0,0,69.3,C,21-30
643,0,3,"Skoog, Miss. Margit Elizabeth",female,2.0,3,2,27.9,S,0-10
645,1,3,"Baclini, Miss. Eugenie",female,0.75,2,1,19.2583,C,0-10
646,1,1,"Harper, Mr. Henry Sleeper",male,48.0,1,0,76.7292,C,41-50
647,0,3,"Cor, Mr. Liudevit",male,19.0,0,0,7.8958,S,11-20
648,1,1,"Simonius-Blumer, Col. Oberst Alfons",male,56.0,0,0,35.5,C,51-60
650,1,3,"Stanley, Miss. Amy Zillah Elsie",female,23.0,0,0,7.55,S,21-30
652,1,2,"Doling, Miss. Elsie",female,18.0,0,1,23.0,S,11-20
653,0,3,"Kalvik, Mr. Johannes Halvorsen",male,21.0,0,0,8.4333,S,21-30
655,0,3,"Hegarty, Miss. Hanora ""Nora""",female,18.0,0,0,6.75,Q,11-20
656,0,2,"Hickman, Mr. Leonard Mark",male,24.0,2,0,73.5,S,21-30
658,0,3,"Bourke, Mrs. John (Catherine)",female,32.0,1,1,15.5,Q,31-40
659,0,2,"Eitemiller, Mr. George Floyd",male,23.0,0,0,13.0,S,21-30
660,0,1,"Newell, Mr. Arthur Webster",male,58.0,0,2,113.275,C,51-60
661,1,1,"Frauenthal, Dr. Henry William",male,50.0,2,0,133.65,S,41-50
662,0,3,"Badt, Mr. Mohamed",male,40.0,0,0,7.225,C,31-40
663,0,1,"Colley, Mr. Edward Pomeroy",male,47.0,0,0,25.5875,S,41-50
664,0,3,"Coleff, Mr. Peju",male,36.0,0,0,7.4958,S,31-40
665,1,3,"Lindqvist, Mr. Eino William",male,20.0,1,0,7.925,S,11-20
666,0,2,"Hickman, Mr. Lewis",male,32.0,2,0,73.5,S,31-40
667,0,2,"Butler, Mr. Reginald Fenton",male,25.0,0,0,13.0,S,21-30
669,0,3,"Cook, Mr. Jacob",male,43.0,0,0,8.05,S,41-50
671,1,2,"Brown, Mrs. Thomas William Solomon (Elizabeth Catherine Ford)",female,40.0,1,1,39.0,S,31-40
672,0,1,"Davidson, Mr. Thornton",male,31.0,1,0,52.0,S,31-40
673,0,2,"Mitchell, Mr. Henry Michael",male,70.0,0,0,10.5,S,61+
674,1,2,"Wilhelms, Mr. Charles",male,31.0,0,0,13.0,S,31-40
676,0,3,"Edvardsson, Mr. Gustaf Hjalmar",male,18.0,0,0,7.775,S,11-20
677,0,3,"Sawyer, Mr. Frederick Charles",male,24.5,0,0,8.05,S,21-30
678,1,3,"Turja, Miss. Anna Sofia",female,18.0,0,0,9.8417,S,11-20
679,0,3,"Goodwin, Mrs. Frederick (Augusta Tyler)",female,43.0,1,6,46.9,S,41-50
680,1,1,"Cardeza, Mr. Thomas Drake Martinez",male,36.0,0,1,512.3292,C,31-40
682,1,1,"Hassab, Mr. Hammad",male,27.0,0,0,76.7292,C,21-30
683,0,3,"Olsvigen, Mr. Thor Anderson",male,20.0,0,0,9.225,S,11-20
684,0,3,"Goodwin, Mr. Charles Edward",male,14.0,5,2,46.9,S,11-20
685,0,2,"Brown, Mr. Thomas William Solomon",male,60.0,1,1,39.0,S,51-60
686,0,2,"Laroche, Mr. Joseph Philippe Lemercier",male,25.0,1,2,41.5792,C,21-30
687,0,3,"Panula, Mr. Jaako Arnold",male,14.0,4,1,39.6875,S,11-20
688,0,3,"Dakic, Mr. Branko",male,19.0,0,0,10.1708,S,11-20
689,0,3,"Fischer, Mr. Eberhard Thelander",male,18.0,0,0,7.7958,S,11-20
690,1,1,"Madill, Miss. Georgette Alexandra",female,15.0,0,1,211.3375,S,11-20
691,1,1,"Dick, Mr. Albert Adrian",male,31.0,1,0,57.0,S,31-40
692,1,3,"Karun, Miss. Manca",female,4.0,0,1,13.4167,C,0-10
694,0,3,"Saad, Mr. Khalil",male,25.0,0,0,7.225,C,21-30
695,0,1,"Weir, Col. John",male,60.0,0,0,26.55,S,51-60
696,0,2,"Chapman, Mr. Charles Henry",male,52.0,0,0,13.5,S,51-60
697,0,3,"Kelly, Mr. James",male,44.0,0,0,8.05,S,41-50
699,0,1,"Thayer, Mr. John Borland",male,49.0,1,1,110.8833,C,41-50
700,0,3,"Humblen, Mr. Adolf Mathias Nicolai Olsen",male,42.0,0,0,7.65,S,41-50
701,1,1,"Astor, Mrs. John Jacob (Madeleine Talmadge Force)",female,18.0,1,0,227.525,C,11-20
702,1,1,"Silverthorne, Mr. Spencer Victor",male,35.0,0,0,26.2875,S,31-40
703,0,3,"Barbara, Miss. Saiide",female,18.0,0,1,14.4542,C,11-20
704,0,3,"Gallagher, Mr. Martin",male,25.0,0,0,7.7417,Q,21-30
705,0,3,"Hansen, Mr. Henrik Juul",male,26.0,1,0,7.8542,S,21-30
706,0,2,"Morley, Mr. Henry Samuel (""Mr Henry Marshall"")",male,39.0,0,0,26.0,S,31-40
707,1,2,"Kelly, Mrs. Florence ""Fannie""",female,45.0,0,0,13.5,S,41-50
708,1,1,"Calderhead, Mr. Edward Pennington",male,42.0,0,0,26.2875,S,41-50
709,1,1,"Cleaver, Miss. Alice",female,22.0,0,0,151.55,S,21-30
711,1,1,"Mayne, Mlle. Berthe Antonine (""Mrs de Villiers"")",female,24.0,0,0,49.5042,C,21-30
713,1,1,"Taylor, Mr. Elmer Zebley",male,48.0,1,0,52.0,S,41-50
714,0,3,"Larsson, Mr. August Viktor",male,29.0,0,0,9.4833,S,21-30
715,0,2,"Greenberg, Mr. Samuel",male,52.0,0,0,13.0,S,51-60
716,0,3,"Soholt, Mr. Peter Andreas Lauritz Andersen",male,19.0,0,0,7.65,S,11-20
717,1,1,"Endres, Miss. Caroline Louise",female,38.0,0,0,227.525,C,31-40
718,1,2,"Troutt, Miss. Edwina Celia ""Winnie""",female,27.0,0,0,10.5,S,21-30
720,0,3,"Johnson, Mr. Malkolm Joackim",male,33.0,0,0,7.775,S,31-40
721,1,2,"Harper, Miss. Annie Jessie ""Nina""",female,6.0,0,1,33.0,S,0-10
722,0,3,"Jensen, Mr. Svend Lauritz",male,17.0,1,0,7.0542,S,11-20
723,0,2,"Gillespie, Mr. William Henry",male,34.0,0,0,13.0,S,31-40
724,0,2,"Hodges, Mr. Henry Price",male,50.0,0,0,13.0,S,41-50
725,1,1,"Chambers, Mr. Norman Campbell",male,27.0,1,0,53.1,S,21-30
726,0,3,"Oreskovic, Mr. Luka",male,20.0,0,0,8.6625,S,11-20
727,1,2,"Renouf, Mrs. Peter Henry (Lillian Jefferys)",female,30.0,3,0,21.0,S,21-30
729,0,2,"Bryhl, Mr. Kurt Arnold Gottfrid",male,25.0,1,0,26.0,S,21-30
730,0,3,"Ilmakangas, Miss. Pieta Sofia",female,25.0,1,0,7.925,S,21-30
731,1,1,"Allen, Miss. Elisabeth Walton",female,29.0,0,0,211.3375,S,21-30
732,0,3,"Hassan, Mr. Houssein G N",male,11.0,0,0,18.7875,C,11-20
734,0,2,"Berriman, Mr. William John",male,23.0,0,0,13.0,S,21-30
735,0,2,"Troupiansky, Mr. Moses Aaron",male,23.0,0,0,13.0,S,21-30
736,0,3,"Williams, Mr. Leslie",male,28.5,0,0,16.1,S,21-30
737,0,3,"Ford, Mrs. Edward (Margaret Ann Watson)",female,48.0,1,3,34.375,S,41-50
738,1,1,"Lesurer, Mr. Gustave J",male,35.0,0,0,512.3292,C,31-40
742,0,1,"Cavendish, Mr. Tyrell William",male,36.0,1,0,78.85,S,31-40
743,1,1,"Ryerson, Miss. Susan Parker ""Suzette""",female,21.0,2,2,262.375,C,21-30
744,0,3,"McNamee, Mr. Neal",male,24.0,1,0,16.1,S,21-30
745,1,3,"Stranden, Mr. Juho",male,31.0,0,0,7.925,S,31-40
746,0,1,"Crosby, Capt. Edward Gifford",male,70.0,1,1,71.0,S,61+
747,0,3,"Abbott, Mr. Rossmore Edward",male,16.0,1,1,20.25,S,11-20
748,1,2,"Sinkkonen, Miss. Anna",female,30.0,0,0,13.0,S,21-30
749,0,1,"Marvin, Mr. Daniel Warner",male,19.0,1,0,53.1,S,11-20
750,0,3,"Connaghton, Mr. Michael",male,31.0,0,0,7.75,Q,31-40
751,1,2,"Wells, Miss. Joan",female,4.0,1,1,23.0,S,0-10
752,1,3,"Moor, Master. Meier",male,6.0,0,1,12.475,S,0-10
753,0,3,"Vande Velde, Mr. Johannes Joseph",male,33.0,0,0,9.5,S,31-40
754,0,3,"Jonkoff, Mr. Lalio",male,23.0,0,0,7.8958,S,21-30
755,1,2,"Herman, Mrs. Samuel (Jane Laver)",female,48.0,1,2,65.0,S,41-50
756,1,2,"Hamalainen, Master. Viljo",male,0.67,1,1,14.5,S,0-10
757,0,3,"Carlsson, Mr. August Sigfrid",male,28.0,0,0,7.7958,S,21-30
758,0,2,"Bailey, Mr. Percy Andrew",male,18.0,0,0,11.5,S,11-20
759,0,3,"Theobald, Mr. Thomas Leonard",male,34.0,0,0,8.05,S,31-40
760,1,1,"Rothes, the Countess. of (Lucy Noel Martha Dyer-Edwards)",female,33.0,0,0,86.5,S,31-40
762,0,3,"Nirva, Mr. Iisakki Antino Aijo",male,41.0,0,0,7.125,S,41-50
763,1,3,"Barah, Mr. Hanna Assi",male,20.0,0,0,7.2292,C,11-20
764,1,1,"Carter, Mrs. William Ernest (Lucile Polk)",female,36.0,1,2,120.0,S,31-40
765,0,3,"Eklund, Mr. Hans Linus",male,16.0,0,0,7.775,S,11-20
766,1,1,"Hogeboom, Mrs. John C (Anna Andrews)",female,51.0,1,0,77.9583,S,51-60
768,0,3,"Mangan, Miss. Mary",female,30.5,0,0,7.75,Q,21-30
770,0,3,"Gronnestad, Mr. Daniel Danielsen",male,32.0,0,0,8.3625,S,31-40
771,0,3,"Lievens, Mr. Rene Aime",male,24.0,0,0,9.5,S,21-30
772,0,3,"Jensen, Mr. Niels Peder",male,48.0,0,0,7.8542,S,41-50
773,0,2,"Mack, Mrs. (Mary)",female,57.0,0,0,10.5,S,51-60
775,1,2,"Hocking, Mrs. Elizabeth (Eliza Needs)",female,54.0,1,3,23.0,S,51-60
776,0,3,"Myhrman, Mr. Pehr Fabian Oliver Malkolm",male,18.0,0,0,7.75,S,11-20
778,1,3,"Emanuel, Miss. Virginia Ethel",female,5.0,0,0,12.475,S,0-10
780,1,1,"Robert, Mrs. Edward Scott (Elisabeth Walton McMillan)",female,43.0,0,1,211.3375,S,41-50
781,1,3,"Ayoub, Miss. Banoura",female,13.0,0,0,7.2292,C,11-20
782,1,1,"Dick, Mrs. Albert Adrian (Vera Gillespie)",female,17.0,1,0,57.0,S,11-20
783,0,1,"Long, Mr. Milton Clyde",male,29.0,0,0,30.0,S,21-30
785,0,3,"Ali, Mr. William",male,25.0,0,0,7.05,S,21-30
786,0,3,"Harmer, Mr. Abraham (David Lishin)",male,25.0,0,0,7.25,S,21-30
787,1,3,"Sjoblom, Miss. Anna Sofia",female,18.0,0,0,7.4958,S,11-20
788,0,3,"Rice, Master. George Hugh",male,8.0,4,1,29.125,Q,0-10
789,1,3,"Dean, Master. Bertram Vere",male,1.0,1,2,20.575,S,0-10
790,0,1,"Guggenheim, Mr. Benjamin",male,46.0,0,0,79.2,C,41-50
792,0,2,"Gaskell, Mr. Alfred",male,16.0,0,0,26.0,S,11-20
795,0,3,"Dantcheff, Mr. Ristiu",male,25.0,0,0,7.8958,S,21-30
796,0,2,"Otter, Mr. Richard",male,39.0,0,0,13.0,S,31-40
797,1,1,"Leader, Dr. Alice (Farnham)",female,49.0,0,0,25.9292,S,41-50
798,1,3,"Osman, Mrs. Mara",female,31.0,0,0,8.6833,S,31-40
799,0,3,"Ibrahim Shawah, Mr. Yousseff",male,30.0,0,0,7.2292,C,21-30
800,0,3,"Van Impe, Mrs. Jean Baptiste (Rosalie Paula Govaert)",female,30.0,1,1,24.15,S,21-30
801,0,2,"Ponesell, Mr. Martin",male,34.0,0,0,13.0,S,31-40
802,1,2,"Collyer, Mrs. Harvey (Charlotte Annie Tate)",female,31.0,1,1,26.25,S,31-40
803,1,1,"Carter, Master. William Thornton II",male,11.0,1,2,120.0,S,11-20
804,1,3,"Thomas, Master. Assad Alexander",male,0.42,0,1,8.5167,C,0-10
805,1,3,"Hedman, Mr. Oskar Arvid",male,27.0,0,0,6.975,S,21-30
806,0,3,"Johansson, Mr. Karl Johan",male,31.0,0,0,7.775,S,31-40
807,0,1,"Andrews, Mr. Thomas Jr",male,39.0,0,0,0.0,S,31-40
808,0,3,"Pettersson, Miss. Ellen Natalia",female,18.0,0,0,7.775,S,11-20
809,0,2,"Meyer, Mr. August",male,39.0,0,0,13.0,S,31-40
810,1,1,"Chambers, Mrs. Norman Campbell (Bertha Griggs)",female,33.0,1,0,53.1,S,31-40
811,0,3,"Alexander, Mr. William",male,26.0,0,0,7.8875,S,21-30
812,0,3,"Lester, Mr. James",male,39.0,0,0,24.15,S,31-40
813,0,2,"Slemen, Mr. Richard James",male,35.0,0,0,10.5,S,31-40
814,0,3,"Andersson, Miss. Ebba Iris Alfrida",female,6.0,4,2,31.275,S,0-10
815,0,3,"Tomlin, Mr. Ernest Portage",male,30.5,0,0,8.05,S,21-30
817,0,3,"Heininen, Miss. Wendla Maria",female,23.0,0,0,7.925,S,21-30
818,0,2,"Mallet, Mr. Albert",male,31.0,1,1,37.0042,C,31-40
819,0,3,"Holm, Mr. John Fredrik Alexander",male,43.0,0,0,6.45,S,41-50
820,0,3,"Skoog, Master. Karl Thorsten",male,10.0,3,2,27.9,S,0-10
821,1,1,"Hays, Mrs. Charles Melville (Clara Jennings Gregg)",female,52.0,1,1,93.5,S,51-60
822,1,3,"Lulic, Mr. Nikola",male,27.0,0,0,8.6625,S,21-30
823,0,1,"Reuchlin, Jonkheer. John George",male,38.0,0,0,0.0,S,31-40
824,1,3,"Moor, Mrs. (Beila)",female,27.0,0,1,12.475,S,21-30
825,0,3,"Panula, Master. Urho Abraham",male,2.0,4,1,39.6875,S,0-10
828,1,2,"Mallet, Master. Andre",male,1.0,0,2,37.0042,C,0-10
831,1,3,"Yasbeck, Mrs. Antoni (Selini Alexander)",female,15.0,1,0,14.4542,C,11-20
832,1,2,"Richards, Master. George Sibley",male,0.83,1,1,18.75,S,0-10
834,0,3,"Augustsson, Mr. Albert",male,23.0,0,0,7.8542,S,21-30
835,0,3,"Allum, Mr. Owen George",male,18.0,0,0,8.3,S,11-20
836,1,1,"Compton, Miss. Sara Rebecca",female,39.0,1,1,83.1583,C,31-40
837,0,3,"Pasic, Mr. Jakob",male,21.0,0,0,8.6625,S,21-30
839,1,3,"Chip, Mr. Chang",male,32.0,0,0,56.4958,S,31-40
841,0,3,"Alhomaki, Mr. Ilmari Rudolf",male,20.0,0,0,7.925,S,11-20
842,0,2,"Mudd, Mr. Thomas Charles",male,16.0,0,0,10.5,S,11-20
843,1,1,"Serepeca, Miss. Augusta",female,30.0,0,0,31.0,C,21-30
844,0,3,"Lemberopolous, Mr. Peter L",male,34.5,0,0,6.4375,C,31-40
845,0,3,"Culumovic, Mr. Jeso",male,17.0,0,0,8.6625,S,11-20
846,0,3,"Abbing, Mr. Anthony",male,42.0,0,0,7.55,S,41-50
848,0,3,"Markoff, Mr. Marin",male,35.0,0,0,7.8958,C,31-40
849,0,2,"Harper, Rev. John",male,28.0,0,1,33.0,S,21-30
851,0,3,"Andersson, Master. Sigvard Harald Elias",male,4.0,4,2,31.275,S,0-10
852,0,3,"Svensson, Mr. Johan",male,74.0,0,0,7.775,S,61+
853,0,3,"Boulos, Miss. Nourelain",female,9.0,1,1,15.2458,C,0-10
854,1,1,"Lines, Miss. Mary Conover",female,16.0,0,1,39.4,S,11-20
855,0,2,"Carter, Mrs. Ernest Courtenay (Lilian Hughes)",female,44.0,1,0,26.0,S,41-50
856,1,3,"Aks, Mrs. Sam (Leah Rosen)",female,18.0,0,1,9.35,S,11-20
857,1,1,"Wick, Mrs. George Dennick (Mary Hitchcock)",female,45.0,1,1,164.8667,S,41-50
858,1,1,"Daly, Mr. Peter Denis ",male,51.0,0,0,26.55,S,51-60
859,1,3,"Baclini, Mrs. Solomon (Latifa Qurban)",female,24.0,0,3,19.2583,C,21-30
861,0,3,"Hansen, Mr. Claus Peter",male,41.0,2,0,14.1083,S,41-50
862,0,2,"Giles, Mr. Frederick Edward",male,21.0,1,0,11.5,S,21-30
863,1,1,"Swift, Mrs. Frederick Joel (Margaret Welles Barron)",female,48.0,0,0,25.9292,S,41-50
865,0,2,"Gill, Mr. John William",male,24.0,0,0,13.0,S,21-30
866,1,2,"Bystrom, Mrs. (Karolina)",female,42.0,0,0,13.0,S,41-50
867,1,2,"Duran y More, Miss. Asuncion",female,27.0,1,0,13.8583,C,21-30
868,0,1,"Roebling, Mr. Washington Augustus II",male,31.0,0,0,50.4958,S,31-40
870,1,3,"Johnson, Master. Harold Theodor",male,4.0,1,1,11.1333,S,0-10
871,0,3,"Balkic, Mr. Cerin",male,26.0,0,0,7.8958,S,21-30
872,1,1,"Beckwith, Mrs. Richard Leonard (Sallie Monypeny)",female,47.0,1,1,52.5542,S,41-50
873,0,1,"Carlsson, Mr. Frans Olof",male,33.0,0,0,5.0,S,31-40
874,0,3,"Vander Cruyssen, Mr. Victor",male,47.0,0,0,9.0,S,41-50
875,1,2,"Abelson, Mrs. Samuel (Hannah Wizosky)",female,28.0,1,0,24.0,C,21-30
876,1,3,"Najib, Miss. Adele Kiamie ""Jane""",female,15.0,0,0,7.225,C,11-20
877,0,3,"Gustafsson, Mr. Alfred Ossian",male,20.0,0,0,9.8458,S,11-20
878,0,3,"Petroff, Mr. Nedelio",male,19.0,0,0,7.8958,S,11-20
880,1,1,"Potter, Mrs. Thomas Jr (Lily Alexenia Wilson)",female,56.0,0,1,83.1583,C,51-60
881,1,2,"Shelley, Mrs. William (Imanita Parrish Hall)",female,25.0,0,1,26.0,S,21-30
882,0,3,"Markun, Mr. Johann",male,33.0,0,0,7.8958,S,31-40
883,0,3,"Dahlberg, Miss. Gerda Ulrika",female,22.0,0,0,10.5167,S,21-30
884,0,2,"Banfield, Mr. Frederick James",male,28.0,0,0,10.5,S,21-30
885,0,3,"Sutehall, Mr. Henry Jr",male,25.0,0,0,7.05,S,21-30
886,0,3,"Rice, Mrs. William (Margaret Norton)",female,39.0,0,5,29.125,Q,31-40
887,0,2,"Montvila, Rev. Juozas",male,27.0,0,0,13.0,S,21-30
888,1,1,"Graham, Miss. Margaret Edith",female,19.0,0,0,30.0,S,11-20
890,1,1,"Behr, Mr. Karl Howell",male,26.0,0,0,30.0,C,21-30
891,0,3,"Dooley, Mr. Patrick",male,32.0,0,0,7.75,Q,31-40
